config,seed,node,ci_result,gt_result,difference,correct_direction
hillclimb_mid_replicates,0,R0,-0.34525788749362096,-1.0384544429968798,0.6931965555032589,1.0
hillclimb_mid_replicates,0,R1,-0.04999303076014019,0.041162158109665725,-0.09115518886980592,0.0
hillclimb_mid_replicates,0,R2,0.1262876193851173,1.0642085775981727,-0.9379209582130554,1.0
hillclimb_mid_replicates,0,R3,-0.12227220904103364,-0.3054008476922476,0.18312863865121398,1.0
hillclimb_mid_replicates,0,R4,-0.06230830095236096,-0.039273894994659386,-0.02303440595770157,1.0
hillclimb_mid_replicates,0,R5,0.0,0.38647444893599303,-0.38647444893599303,0.0
hillclimb_mid_replicates,0,R6,0.18983376884224054,0.5287769062607879,-0.3389431374185473,1.0
hillclimb_mid_replicates,0,R7,0.3319436272449576,-0.5712916928413456,0.9032353200863033,0.0
